é¿éøãGêﬂí≤êÆånóÒ,çëì‡ëçê∂éY(éxèoë§),ñØä‘ç≈èIè¡îÔéxèo,â∆åvç≈èIè¡îÔéxèo,èúÇ≠éùÇøâ∆ÇÃãAëÆâ∆í¿,ñØä‘èZëÓ,ñØä‘äÈã∆ê›îı,ñØä‘ç›å…ïœìÆ,ê≠ï{ç≈èIè¡îÔéxèo,åˆìIå≈íËéëñ{å`ê¨,åˆìIç›å…ïœìÆ,èÉóAèo,óAèo,óAì¸,äJç∑,åà’óòìæ,çëì‡ëçèäìæ,èÉéÛéÊ,éÛéÊ,éxï•,çëñØëçèäìæ,çëì‡é˘óv,ñØä‘é˘óv,åˆìIé˘óv,ëçå≈íËéëñ{å`ê¨,ç≈èIé˘óv
1994/ 1- 3.,"446,312.90","247,538.10","243,655.50","208,609.10","29,812.00","66,259.20","4,229.00","71,357.30","47,106.20",-542.3,"-7,719.90","37,756.00","45,475.90","-11,726.60","19,378.30","465,691.20","4,128.10","14,535.00","10,406.90","469,819.30","462,348.70","346,476.40","115,945.70","139,771.30","442,259.70"
4- 6.,"443,745.80","248,757.60","244,818.50","209,570.20","31,118.50","66,065.00","-2,884.50","72,243.70","48,020.20",622.8,"-8,364.00","37,963.90","46,327.90","-11,833.60","18,742.30","462,488.00","3,801.00","14,474.10","10,673.00","466,289.10","460,007.50","341,603.20","118,663.60","141,504.80","445,542.20"
7- 9.,"448,947.20","250,618.80","246,657.60","211,192.70","33,628.10","65,999.20",-280.5,"72,789.00","46,302.40",806.2,"-9,067.10","38,658.40","47,725.50","-11,848.80","18,142.50","467,089.70","3,868.80","14,796.00","10,927.10","470,958.60","465,728.00","348,123.20","117,732.40","142,085.70","448,143.60"
10-12.,"447,169.50","250,778.20","246,772.20","211,130.10","32,218.20","67,028.90","-1,602.00","72,950.00","45,588.40",853.3,"-9,378.70","38,820.60","48,199.30","-11,266.90","18,529.50","465,699.00","3,896.50","15,308.50","11,412.00","469,595.50","464,007.00","346,876.30","117,256.40","141,349.50","447,580.20"
1995/ 1- 3.,"452,118.90","252,932.40","248,859.50","213,015.00","31,121.50","68,647.70","2,253.70","74,470.40","43,641.20",-27.7,"-10,499.90","39,311.70","49,811.60","-10,420.40","18,954.90","471,073.80","3,960.50","15,611.90","11,651.40","475,034.40","469,834.50","353,609.70","116,211.40","140,431.20","449,541.40"
4- 6.,"456,278.20","254,883.50","250,727.80","214,693.30","30,381.50","71,088.00","1,116.70","74,611.20","45,421.90",199.2,"-11,408.40","39,897.70","51,306.10","-10,015.40","19,769.50","476,047.70","3,173.30","14,794.50","11,621.20","479,221.00","474,637.70","356,440.90","118,229.60","144,025.10","454,600.60"
7- 9.,"461,710.80","256,355.80","252,126.40","215,911.00","29,741.60","72,334.50","2,105.50","75,543.00","48,925.70",173.1,"-13,893.60","40,273.70","54,167.30","-9,574.70","20,654.60","482,365.40","4,653.60","18,627.90","13,974.40","487,019.00","481,968.90","359,668.90","122,467.30","147,935.90","459,113.20"
10-12.,"462,860.20","258,169.50","253,903.10","217,487.90","30,431.20","73,525.10","1,032.70","75,789.00","49,133.80",235.2,"-16,596.60","40,158.00","56,754.50","-8,859.70","21,317.00","484,177.20","4,931.40","19,247.00","14,315.50","489,108.70","485,113.90","362,304.00","122,957.50","150,014.20","461,227.00"
1996/ 1- 3.,"466,624.60","257,412.00","253,138.40","216,544.70","31,805.60","73,285.00","1,643.00","76,459.00","51,647.10",596.8,"-17,004.20","40,800.60","57,804.80","-9,219.70","20,783.80","487,408.40","5,621.00","11,824.60","6,203.70","493,029.30","489,115.90","363,089.80","126,283.10","153,194.10","464,150.90"
4- 6.,"472,495.60","260,509.60","256,231.60","219,409.90","33,278.50","75,804.00","2,978.70","76,391.60","50,919.70",190.8,"-18,807.60","40,751.80","59,559.40","-8,769.80","19,949.60","492,445.20","6,292.10","12,020.70","5,728.60","498,737.20","496,569.00","371,479.60","125,201.10","156,557.70","469,058.60"
7- 9.,"473,144.80","260,785.70","256,479.10","219,443.80","34,510.50","76,855.00","1,475.30","76,724.80","48,653.00",226.9,"-17,523.70","41,971.60","59,495.40","-8,562.60","18,950.90","492,095.70","5,996.10","11,510.10","5,513.90","498,091.80","495,898.60","372,502.30","123,430.30","156,748.50","471,089.70"
10-12.,"478,467.50","263,403.40","259,099.10","221,832.60","35,106.60","76,900.70","2,464.60","77,853.50","47,475.20",259,"-16,496.10","43,759.20","60,255.30","-8,499.30","18,453.30","496,920.80","6,173.30","11,667.00","5,493.70","503,094.00","500,127.60","376,627.70","123,489.00","156,269.20","475,456.20"
1997/ 1- 3.,"479,690.10","267,268.20","262,992.90","225,508.10","34,090.30","77,660.50",-355.8,"77,863.30","46,634.70",139.4,"-15,675.40","45,099.20","60,774.70","-7,935.10","17,905.30","497,595.50","6,690.90","12,382.90","5,692.00","504,286.40","500,314.30","377,647.60","122,622.60","155,441.10","479,393.20"
4- 6.,"476,018.80","260,235.20","256,040.90","218,417.40","30,911.70","77,803.80","2,476.80","78,052.80","46,674.40",79,"-12,734.50","47,011.60","59,746.10","-7,480.60","18,272.50","494,291.30","6,778.40","12,349.20","5,570.80","501,069.70","493,553.10","370,785.80","122,807.60","152,825.40","473,137.70"
7- 9.,"477,004.90","260,611.80","256,487.60","218,697.40","29,063.50","78,230.00","4,545.50","77,975.50","47,117.90",164.4,"-13,216.40","46,382.80","59,599.20","-7,487.30","18,321.90","495,326.80","5,911.80","11,630.90","5,719.10","501,238.50","495,159.90","371,984.80","123,217.80","152,042.80","472,135.70"
10-12.,"477,205.40","260,113.30","255,894.60","217,945.00","27,891.60","79,911.80","3,757.90","78,392.30","44,815.40",457.1,"-10,849.40","47,395.70","58,245.10","-7,284.70","19,005.30","496,210.70","7,026.60","13,230.60","6,204.00","503,237.30","493,213.30","371,483.60","121,727.90","150,739.20","472,850.50"
1998/ 1- 3.,"471,375.50","259,753.10","255,283.10","217,167.40","27,185.80","78,679.20","3,511.30","78,280.30","42,235.20",242.4,"-11,533.60","46,178.30","57,711.90","-6,978.10","19,765.70","491,141.20","6,626.80","12,470.50","5,843.70","497,768.00","488,015.30","368,930.40","119,020.00","146,439.70","467,422.20"
4- 6.,"469,288.80","259,502.70","254,748.90","216,474.40","26,659.20","77,937.90","1,599.70","78,886.60","41,862.30",172.5,"-9,905.80","45,262.00","55,167.70","-7,426.50","19,527.90","488,816.60","5,622.90","11,722.80","6,099.80","494,439.60","484,830.90","365,582.00","119,225.60","144,825.70","467,155.40"
7- 9.,"470,145.70","261,363.30","256,397.60","217,939.30","26,054.00","77,402.50",-403.9,"79,314.10","43,803.40",-81.8,"-9,826.60","45,432.30","55,258.90","-7,479.40","19,071.40","489,217.10","6,361.40","11,836.70","5,475.20","495,578.50","485,609.70","364,401.30","121,265.50","145,456.80","470,050.50"
10-12.,"473,941.10","260,989.00","255,878.20","217,252.80","25,483.30","75,354.60","2,429.10","79,869.90","48,307.00",-601.5,"-9,331.80","44,607.70","53,939.40","-8,558.40","19,522.90","493,464.00","5,791.50","10,091.00","4,299.60","499,255.50","489,480.20","364,068.60","125,616.80","146,825.00","471,619.70"
1999/ 1- 3.,"467,414.30","261,991.30","256,805.70","217,953.70","25,239.80","73,232.50","-3,512.90","80,735.80","48,490.90",-88,"-10,892.60","44,707.80","55,600.40","-7,782.50","20,445.10","487,859.40","5,156.50","9,860.50","4,704.00","493,015.90","483,805.60","357,083.70","127,063.90","144,506.00","470,065.50"
4- 6.,"469,177.50","262,249.60","256,902.20","217,801.50","26,877.70","73,817.00","-3,777.30","81,532.10","47,695.20",-7.6,"-11,523.60","45,110.80","56,634.40","-7,685.70","19,923.80","489,101.20","6,237.30","10,158.40","3,921.10","495,338.50","486,018.60","359,148.50","127,196.60","145,872.20","472,003.30"
7- 9.,"471,678.10","264,066.90","258,535.80","219,183.70","27,140.00","73,391.80","-3,443.10","82,477.90","46,233.20",-9.8,"-11,020.00","47,048.90","58,068.90","-7,158.90","18,979.60","490,657.70","6,342.20","9,961.10","3,618.90","496,999.90","487,569.00","361,061.30","126,799.00","144,333.80","474,201.10"
10-12.,"471,848.90","264,798.70","259,295.70","219,703.00","26,009.40","74,183.80","-3,570.00","82,803.90","46,018.20",-387.8,"-11,687.10","48,122.70","59,809.80","-6,320.20","20,093.00","491,941.90","6,656.50","10,163.70","3,507.30","498,598.40","487,879.10","361,518.60","126,638.60","143,982.60","474,754.20"
2000/ 1- 3.,"479,860.30","266,285.20","261,034.00","221,194.40","26,274.50","76,969.70","-1,610.00","83,857.00","43,491.20",179.8,"-9,119.90","50,708.20","59,828.10","-6,467.20","18,312.30","498,172.60","6,355.10","10,531.10","4,176.00","504,527.70","493,602.20","367,928.70","125,827.20","144,921.20","480,612.00"
4- 6.,"482,133.60","265,904.40","260,989.00","220,907.40","26,955.10","75,878.90","1,321.90","84,867.00","43,194.50",40,"-9,887.50","52,332.50","62,220.00","-6,140.60","19,086.40","501,220.00","7,696.50","11,319.50","3,623.00","508,916.50","496,000.60","369,688.80","126,465.80","144,095.70","480,400.70"
7- 9.,"482,256.80","266,396.30","261,722.10","221,390.80","26,428.30","78,476.90","-1,031.70","85,491.20","42,393.80",-47.8,"-10,673.70","53,199.10","63,872.80","-5,176.60","18,700.30","500,957.00","7,662.40","11,411.70","3,749.40","508,619.40","496,410.80","370,265.60","126,285.40","145,675.90","482,669.60"
10-12.,"486,943.80","269,680.70","265,040.50","224,446.30","26,973.20","80,839.10",268.1,"86,040.20","41,070.60",-73.5,"-13,228.70","52,968.20","66,196.90","-4,625.90","19,353.80","506,297.60","7,671.40","11,818.60","4,147.10","513,969.00","503,246.50","377,670.20","125,593.10","147,489.40","486,225.70"
2001/ 1- 3.,"490,559.50","271,295.30","266,483.30","225,645.40","26,979.70","81,265.80","2,148.90","86,182.20","43,069.80",17.8,"-15,263.60","51,054.20","66,317.80","-5,136.40","19,229.50","509,789.00","7,944.10","12,164.80","4,220.70","517,733.10","509,059.60","381,447.30","127,666.90","149,751.80","488,103.30"
4- 6.,"486,877.30","273,501.40","268,476.60","227,406.30","25,460.80","79,098.70","2,335.40","86,935.10","40,513.30",-213.9,"-15,717.30","49,153.80","64,871.10","-5,036.30","17,984.20","504,861.60","7,746.80","11,766.50","4,019.60","512,608.40","506,090.90","380,241.90","125,855.40","143,759.60","484,448.50"
7- 9.,"481,572.50","273,340.70","268,190.60","226,887.70","25,326.40","77,644.10","-2,165.20","87,082.60","40,516.90",-243.2,"-14,882.00","48,073.20","62,955.20","-5,047.80","17,670.10","499,242.60","7,671.60","11,484.10","3,812.50","506,914.20","500,252.80","374,347.20","125,985.60","142,093.10","483,151.00"
10-12.,"479,930.30","272,911.60","267,740.40","226,211.90","25,453.30","74,594.70","-1,116.10","88,175.00","39,552.20",-24.6,"-13,943.00","47,151.50","61,094.50","-5,672.90","18,827.60","498,757.90","8,156.10","11,501.40","3,345.30","506,914.00","498,113.70","371,831.90","126,400.60","138,091.10","480,403.50"
2002/ 1- 3.,"480,740.50","274,487.40","269,405.50","227,641.40","25,207.30","73,956.70","-3,495.90","88,206.40","40,038.50",-81.5,"-12,308.80","49,302.90","61,611.80","-5,269.50","18,741.30","499,481.80","7,957.40","10,999.70","3,042.20","507,439.20","497,094.60","370,385.10","126,838.30","137,640.30","483,344.20"
4- 6.,"484,636.00","276,748.50","271,819.20","229,830.10","25,277.60","72,927.10","-2,443.70","88,525.40","38,952.10",-24.4,"-10,533.40","52,916.40","63,449.80","-4,793.10","18,718.60","503,354.60","7,188.70","10,396.70","3,208.00","510,543.30","498,766.40","372,625.20","126,232.40","135,628.70","486,263.00"
7- 9.,"486,158.30","276,963.30","272,137.30","229,936.50","25,217.70","74,123.90","-1,522.80","89,209.50","38,803.30",-65.6,"-12,265.10","53,285.50","65,550.50","-4,305.90","18,813.60","504,971.90","7,363.20","10,717.80","3,354.60","512,335.10","501,547.60","374,863.40","126,768.60","136,708.10","487,007.90"
10-12.,"487,510.00","276,311.10","271,455.20","229,040.00","24,894.50","74,180.20",490.3,"89,070.50","38,223.10",-171.5,"-11,394.80","55,126.70","66,521.50","-4,093.50","19,161.00","506,671.00","7,020.30","10,286.00","3,265.70","513,691.30","501,765.00","375,817.40","126,009.20","135,946.60","486,677.50"
2003/ 1- 3.,"487,815.10","277,463.30","272,448.40","229,806.70","24,752.80","74,469.20",-471.8,"89,547.40","36,982.00",-72.2,"-11,134.30","55,865.50","66,999.80","-3,721.20","17,506.80","505,321.90","7,620.80","10,720.10","3,099.30","512,942.70","501,674.70","376,264.40","125,468.00","134,987.80","487,745.30"
4- 6.,"491,169.10","276,969.90","271,761.70","228,897.10","24,890.70","75,611.80",-651.8,"90,342.50","37,128.30",74.6,"-8,770.50","55,995.00","64,765.50","-4,426.30","18,132.60","509,301.80","7,824.00","10,714.50","2,890.50","517,125.70","503,361.70","376,890.60","126,546.60","136,450.70","491,135.70"
7- 9.,"492,616.90","276,842.60","271,496.10","228,368.10","25,391.40","74,433.40","1,815.80","90,678.70","36,099.80",-98.3,"-8,349.60","57,994.90","66,344.50","-4,196.90","18,255.30","510,872.20","9,338.50","12,134.90","2,796.40","520,210.70","503,990.00","378,240.00","125,810.00","134,720.20","490,570.90"
10-12.,"497,976.40","280,604.00","275,206.20","231,965.20","25,070.60","77,427.00",-705.4,"91,066.30","35,262.60",-393.6,"-6,903.00","60,959.30","67,862.30","-3,452.20","18,597.30","516,573.70","8,367.50","11,039.40","2,671.90","524,941.20","507,656.50","382,496.50","125,189.60","136,815.50","498,376.60"
2004/ 1- 3.,"501,632.50","280,474.80","275,112.10","231,609.00","25,345.30","77,359.40","2,902.50","91,484.50","33,614.00",-341.2,"-5,973.20","63,965.90","69,939.00","-3,233.60","17,883.10","519,515.60","9,358.80","12,021.60","2,662.80","528,874.40","510,000.80","385,837.60","124,157.40","135,467.70","498,804.70"
4- 6.,"501,716.90","280,912.70","275,599.60","231,950.40","25,841.20","77,084.90","1,227.20","91,094.70","33,440.80",63.4,"-5,053.40","66,066.30","71,119.70","-2,894.60","16,883.50","518,600.40","10,035.60","12,894.60","2,859.00","528,636.00","508,870.80","384,907.50","123,958.00","135,471.70","500,026.90"
7- 9.,"504,785.30","283,004.10","277,706.80","233,906.00","25,917.70","78,066.10","2,130.60","91,479.50","32,807.50",54.6,"-6,042.60","66,637.20","72,679.80","-2,632.00","16,853.00","521,638.30","10,338.80","13,426.30","3,087.50","531,977.10","512,689.60","388,894.70","123,765.30","135,978.30","502,303.10"
10-12.,"503,804.60","281,501.70","276,179.50","232,231.60","25,951.60","79,785.20","1,890.60","91,491.90","32,396.80",152.8,"-7,343.40","67,515.40","74,858.70","-2,022.60","17,356.80","521,161.40","10,790.40","14,034.50","3,244.10","531,951.80","512,453.30","388,927.80","123,491.40","137,424.50","501,451.00"
2005/ 1- 3.,"506,399.90","283,190.10","277,818.20","233,761.80","25,561.50","81,795.30","1,172.20","92,380.10","31,695.80",188,"-7,514.00","66,836.80","74,350.80","-2,069.00","16,161.90","522,561.80","10,324.60","14,207.20","3,882.60","532,886.50","515,449.80","391,618.70","123,789.40","138,490.50","504,662.20"
4- 6.,"510,355.40","285,029.10","279,589.80","235,397.30","25,351.10","84,634.30","1,303.50","91,985.90","29,705.30",-19.2,"-5,973.40","69,714.90","75,688.30","-1,661.10","14,127.00","524,482.40","11,534.20","15,622.70","4,088.50","536,016.60","517,714.80","396,250.00","121,370.60","139,382.20","508,673.70"
7- 9.,"515,531.70","287,711.70","282,213.30","237,870.30","25,870.50","86,517.30",772.6,"91,822.60","30,170.30",17.7,"-5,947.00","71,897.80","77,844.80","-1,404.00","12,651.50","528,183.20","12,250.70","16,387.00","4,136.30","540,433.90","522,581.60","400,810.30","121,662.80","142,255.60","514,297.70"
10-12.,"516,422.70","287,797.10","282,261.80","237,766.70","26,146.30","85,113.20",461.3,"92,235.80","29,555.30",-2.6,"-3,511.70","74,401.70","77,913.40","-1,372.10","11,506.10","527,928.80","13,164.10","17,826.20","4,662.20","541,092.90","521,043.10","399,440.80","121,500.30","140,477.30","515,493.90"
2006/ 1- 3.,"517,216.90","288,806.30","283,262.00","238,655.30","25,895.80","84,756.60",-232.2,"91,970.20","30,337.20",32.5,"-3,179.70","76,112.60","79,292.30","-1,169.90","9,310.10","526,527.00","13,871.10","18,955.50","5,084.50","540,398.00","521,280.30","399,200.80","121,985.10","140,608.70","516,909.00"
4- 6.,"518,065.10","288,475.10","282,899.70","238,137.90","25,832.90","86,146.30",-83.7,"92,402.60","29,173.80",-24.6,"-2,962.00","77,393.20","80,355.20",-895.2,"9,235.40","527,300.50","13,751.10","19,205.40","5,454.30","541,051.60","521,736.40","400,348.60","121,287.40","140,890.50","517,681.00"
7- 9.,"517,031.40","286,234.00","280,615.60","235,685.50","25,887.90","86,302.00",759.4,"92,454.60","27,586.20",43.8,"-1,494.70","78,811.70","80,306.40",-741.8,"8,000.00","525,031.40","14,352.50","19,949.70","5,597.30","539,383.90","519,157.80","399,110.40","119,940.80","139,606.10","515,793.10"
10-12.,"523,953.50","290,578.20","284,964.50","239,896.00","25,808.60","87,879.20",650.2,"92,401.40","28,013.30",-10.4,-500.7,"79,750.10","80,250.70",-866.3,"8,657.80","532,611.30","15,194.20","21,401.30","6,207.10","547,805.60","525,236.50","404,896.90","120,220.10","141,566.50","522,863.20"
2007/ 1- 3.,"527,423.90","290,822.30","285,252.80","240,016.80","25,423.20","88,204.10","2,414.00","92,931.20","27,798.80",-108.7,663.7,"81,662.40","80,998.70",-724.6,"8,325.30","535,749.20","16,277.70","22,908.70","6,631.00","552,026.90","527,418.00","406,856.20","120,436.30","141,334.00","524,732.30"
4- 6.,"527,670.70","292,398.00","286,882.90","241,506.60","24,990.60","87,221.40","1,000.60","93,780.90","27,148.90",139.7,"1,359.80","83,648.80","82,289.10",-369.2,"7,747.30","535,418.10","16,981.70","23,159.20","6,177.50","552,399.70","526,765.40","405,664.90","120,982.20","139,290.90","526,054.80"
7- 9.,"524,813.00","289,538.00","284,058.30","238,553.20","22,953.50","86,152.20","1,663.80","93,633.20","26,759.40",46.5,"4,177.90","85,698.60","81,520.70",-111.4,"6,016.20","530,829.20","15,244.40","23,189.00","7,944.60","546,073.60","520,945.80","400,482.00","120,354.50","135,887.90","522,664.80"
10-12.,"527,030.20","290,004.50","284,549.70","238,932.50","20,426.20","86,066.40","2,968.30","94,378.90","27,320.10",74.5,"5,614.50","88,179.70","82,565.30",176.9,"1,830.20","528,860.50","16,974.90","23,956.10","6,981.10","545,835.40","521,570.00","399,802.80","121,671.60","133,935.00","523,588.40"
2008/ 1- 3.,"528,894.50","291,301.00","285,855.50","240,100.50","21,061.80","86,763.80","1,665.10","94,446.60","26,636.50",89.2,"6,634.30","90,379.90","83,745.70",296.4,-363.9,"528,530.60","16,438.60","22,477.40","6,038.80","544,969.20","522,279.70","401,065.50","121,110.00","134,588.50","526,737.80"
4- 6.,"525,893.10","287,974.80","282,567.50","236,645.60","21,924.60","85,371.00","4,360.80","93,189.20","25,698.30",-40.8,"7,228.00","88,620.30","81,392.40",187.3,"-2,837.90","523,055.20","12,951.80","18,843.60","5,891.80","536,007.00","518,753.00","399,849.00","118,782.40","133,080.70","521,195.50"
7- 9.,"519,345.10","287,112.80","281,747.50","235,655.60","22,470.80","84,001.10",-286.4,"93,178.00","25,619.00",-42.5,"7,053.20","88,668.20","81,614.90",238.9,"-6,880.90","512,464.10","13,715.70","19,168.10","5,452.40","526,179.90","512,238.90","393,442.70","118,694.00","132,122.30","519,260.80"
10-12.,"506,484.80","282,698.30","277,296.70","231,011.20","22,258.90","81,265.30","7,081.50","93,596.00","25,562.80",52,"-5,618.60","77,472.20","83,090.80",-411.3,"1,438.60","507,923.40","12,328.50","17,482.40","5,153.90","520,251.90","512,794.70","393,515.30","119,182.20","129,066.90","498,899.10"
2009/ 1- 3.,"482,135.60","281,378.10","275,878.90","229,413.20","20,328.40","76,332.60","-3,459.20","93,943.50","26,355.30",-92.3,"-12,025.80","57,719.10","69,744.90",-625,"7,235.40","489,371.00","11,655.70","16,104.40","4,448.70","501,026.70","494,717.50","374,579.90","120,111.40","122,956.00","485,603.90"
4- 6.,"491,601.40","283,832.70","278,240.50","231,647.20","18,338.70","73,967.10","-4,341.80","95,242.40","28,355.80",7.8,"-3,655.00","62,987.40","66,642.40",-146.3,"7,407.90","499,009.30","13,117.00","17,075.90","3,959.00","512,126.20","495,353.30","371,877.60","123,490.30","120,567.10","495,810.30"
7- 9.,"491,389.60","285,930.90","280,270.70","233,557.50","17,066.10","71,962.20","-6,347.70","96,216.40","27,879.50",4.6,"-1,144.90","69,064.90","70,209.80",-177.5,"5,452.90","496,842.50","12,533.40","16,397.50","3,864.10","509,375.90","492,673.20","368,698.40","124,002.70","116,834.10","497,661.50"
10-12.,"497,443.40","287,738.00","282,014.70","235,170.50","16,549.40","71,283.80","-4,966.90","96,435.30","28,261.10",28.6,"2,244.50","74,006.20","71,761.70",-130.4,"3,984.60","501,428.00","12,512.80","16,106.70","3,593.90","513,940.90","495,354.70","370,758.80","124,620.60","116,011.60","502,251.50"
2010/ 1- 3.,"502,681.60","288,873.00","283,091.00","236,104.50","17,455.00","71,738.40","-3,539.60","95,607.70","28,375.50",93.5,"4,534.10","78,401.90","73,867.70",-456.1,"3,538.50","506,220.10","13,547.10","17,516.00","3,968.90","519,767.20","498,557.70","374,613.60","123,955.40","117,462.70","506,058.40"
4- 6.,"508,719.10","290,917.20","285,109.10","237,990.10","17,579.80","72,562.30",-897.1,"97,360.30","26,911.80",-15.1,"4,663.00","82,195.90","77,532.90",-363.1,"3,149.50","511,868.60","13,213.70","17,505.10","4,291.40","525,082.30","504,407.90","380,202.10","124,207.00","116,999.70","509,647.90"
7- 9.,"517,953.00","295,314.00","289,482.00","242,254.60","17,768.70","73,434.00","2,306.90","97,760.80","26,621.70",-146.6,"5,414.20","84,444.60","79,030.40",-520.5,"2,509.70","520,462.70","13,997.20","18,117.10","4,119.80","534,460.00","513,028.30","388,818.70","124,195.80","117,786.60","515,899.20"
10-12.,"513,716.70","290,347.70","284,408.10","236,942.40","18,347.60","73,334.80","2,568.70","98,271.30","26,056.50",-51.3,"5,298.40","84,776.40","79,478.00",-456.9,"1,036.30","514,753.00","14,277.50","18,615.80","4,338.30","529,030.50","508,842.40","384,569.40","124,267.40","117,701.60","511,293.90"
2011/ 1- 3.,"508,274.70","285,641.20","279,516.00","231,908.90","18,978.10","75,030.30","1,028.50","98,799.70","25,610.30",-45.1,"3,448.50","84,025.80","80,577.30",-216.8,"-1,219.40","507,055.40","14,985.70","19,282.10","4,296.40","522,041.10","505,030.40","380,642.60","124,381.60","119,603.40","507,350.50"
4- 6.,"503,914.80","287,664.20","281,341.40","233,807.00","18,615.00","73,671.00",594.3,"99,271.70","26,336.80",-5.2,"-2,462.60","77,702.00","80,164.60",229.6,"-3,836.10","500,078.70","14,937.60","19,053.70","4,116.10","515,016.30","506,142.70","380,536.50","125,599.40","118,575.80","503,359.80"
7- 9.,"516,164.30","292,170.20","285,681.90","238,019.50","19,392.70","75,408.10","1,848.30","99,638.50","25,553.20",49,"2,163.20","84,966.80","82,803.50",-58.8,"-5,001.30","511,163.10","14,875.40","19,011.00","4,135.60","526,038.40","514,082.40","388,806.40","125,277.70","120,331.50","514,289.10"
10-12.,"515,427.00","293,832.60","287,210.00","239,383.00","19,057.00","78,368.40",718.3,"99,963.30","24,711.80",-19.8,"-1,460.20","82,712.80","84,173.00",255.6,"-5,492.60","509,934.40","14,062.90","18,215.60","4,152.70","523,997.30","516,696.70","391,980.00","124,723.50","122,186.70","514,757.20"
2012/ 1- 3.,"522,513.10","295,087.80","288,368.60","240,363.80","18,795.60","78,457.70","3,441.80","100,944.20","26,110.00",-2.4,-451.3,"85,269.30","85,720.50",129.7,"-5,708.10","516,805.00","14,003.80","18,237.40","4,233.60","530,808.80","522,930.20","395,854.00","127,079.60","123,385.70","519,026.60"
4- 6.,"517,829.60","295,641.40","288,793.40","240,608.50","19,264.00","78,309.70",333.7,"100,711.70","26,489.90",54.7,"-3,097.00","84,524.90","87,621.90",121.6,"-5,860.80","511,968.70","14,005.70","18,667.60","4,661.90","525,974.40","520,795.10","393,518.10","127,277.20","124,063.20","517,488.20"
7- 9.,"515,875.80","295,506.70","288,513.60","240,160.50","19,635.50","77,718.10","1,407.60","101,017.30","25,958.00",80.7,"-5,856.80","81,483.80","87,340.60",408.7,"-4,096.40","511,779.40","14,394.10","18,516.90","4,122.80","526,173.50","521,349.90","394,249.70","127,102.90","123,304.10","514,398.30"
10-12.,"515,500.80","296,768.00","289,713.20","241,185.00","20,083.00","77,534.70",-252.9,"101,713.30","25,476.20",2.4,"-6,362.90","78,704.20","85,067.10",538.9,"-4,863.00","510,637.80","14,642.10","19,365.80","4,723.60","525,279.90","521,305.10","394,062.10","127,244.80","123,082.90","515,830.60"
2013/ 1- 3.,"522,601.20","301,261.80","294,230.70","245,547.50","20,303.40","77,475.30",330,"101,507.90","25,846.70",-133.2,"-4,374.00","81,201.40","85,575.40",383.2,"-6,019.00","516,582.30","15,966.50","21,123.80","5,157.30","532,548.70","526,526.10","399,313.70","127,221.20","123,601.20","522,504.00"
4- 6.,"527,330.10","303,505.30","296,440.50","247,587.30","20,476.00","80,132.30","-2,388.70","102,869.00","26,788.70",42.3,"-4,385.10","83,949.00","88,334.10",290.3,"-5,511.80","521,818.30","19,817.70","25,780.20","5,962.60","541,636.00","531,366.60","401,642.80","129,724.90","127,383.50","529,777.70"
7- 9.,"532,383.90","305,090.40","297,957.00","248,910.30","21,278.90","81,276.20",-476.2,"102,879.90","28,273.40",-85,"-6,168.60","83,853.70","90,022.30",314.9,"-5,857.80","526,526.10","17,892.40","24,642.60","6,750.20","544,418.50","538,109.30","407,098.30","131,014.10","130,784.80","533,033.40"
10-12.,"531,773.70","304,568.20","297,508.30","248,339.80","22,031.80","81,864.10",55.1,"103,108.30","28,765.80",80.1,"-9,101.80","83,544.30","92,646.10",401.9,"-7,273.10","524,500.60","18,109.30","24,465.70","6,356.40","542,609.90","540,376.00","408,441.40","131,935.60","132,601.50","531,660.30"
2014/ 1- 3.,"536,107.10","310,676.40","303,838.90","254,678.60","22,345.30","83,958.50","-2,344.90","103,414.50","28,110.10",69.2,"-9,947.40","88,641.60","98,589.00",-174.5,"-8,731.40","527,375.70","18,016.90","25,350.60","7,333.80","545,392.50","546,073.80","414,483.10","131,599.10","134,381.20","538,521.60"
4- 6.,"526,358.90","295,356.50","288,852.90","239,545.50","20,442.90","82,291.00","2,512.80","103,090.10","27,080.30",93.6,"-4,628.70","89,825.30","94,454.00",120.3,"-7,319.40","519,039.50","17,979.40","25,580.90","7,601.50","537,018.80","530,986.30","400,676.00","130,308.90","129,811.70","523,622.20"
7- 9.,"526,822.50","297,890.60","291,657.40","242,362.70","19,409.90","82,787.00",-101.8,"103,765.80","27,888.40",140.4,"-4,855.90","91,196.20","96,052.10",-101.8,"-7,486.90","519,335.60","19,833.70","27,611.40","7,777.70","539,169.30","531,838.40","399,982.20","131,849.70","130,088.50","526,760.20"
10-12.,"529,340.00","298,452.10","292,215.00","242,902.90","19,452.10","83,410.60","-1,362.80","104,017.60","28,063.10",8.7,"-2,477.10","93,911.60","96,388.70",-224.2,"-6,421.10","522,919.00","22,412.90","30,771.80","8,358.90","545,331.80","532,000.30","399,902.40","132,091.10","130,927.80","530,785.90"
2015/ 1- 3.,"537,515.20","300,038.90","293,532.10","244,194.80","19,968.80","87,584.20",30.9,"105,001.30","26,736.10",81.9,"-1,856.40","95,315.80","97,172.20",-70.4,"-1,783.30","535,731.90","20,207.70","28,580.60","8,372.90","555,939.60","539,458.00","407,599.20","131,857.70","134,293.60","537,405.80"
4- 6.,"538,260.50","300,267.80","293,471.50","244,112.90","20,354.90","86,423.20","2,481.70","105,133.90","26,462.00",-75,"-2,953.90","92,084.60","95,038.50",165.9,-326.8,"537,933.70","21,483.00","29,977.50","8,494.40","559,416.70","541,077.10","409,569.00","131,509.50","133,240.20","535,806.50"
7- 9.,"538,675.00","301,047.20","294,068.50","244,697.20","20,457.00","87,618.00",972.3,"105,622.00","26,518.30",-101.2,"-3,376.10","94,386.10","97,762.20",-82.5,766.5,"539,441.50","21,114.30","30,239.10","9,124.70","560,555.80","542,106.80","410,087.40","132,020.90","134,592.20","537,831.20"
10-12.,"537,954.40","299,086.10","291,975.10","242,577.50","20,438.30","87,447.40","1,007.40","106,483.50","27,206.90",-70,"-3,632.40","93,511.20","97,143.60",-13,"1,417.50","539,371.80","22,064.60","31,457.00","9,392.40","561,436.40","541,581.90","407,968.60","133,611.50","135,089.10","537,033.50"
2016/ 1- 3.,"541,886.70","299,373.40","292,182.10","242,756.00","20,435.10","86,889.90","1,206.90","107,761.60","27,963.70",4.9,"-1,747.50","94,176.50","95,924.00",-1.1,"5,620.40","547,507.20","20,259.60","29,453.80","9,194.20","567,766.80","543,617.10","407,891.30","135,724.90","135,286.90","540,695.30"
4- 6.,"541,087.90","297,516.60","290,212.00","240,763.80","21,021.40","87,091.80","2,926.90","106,852.30","27,082.50",-199.1,"-1,208.50","93,547.60","94,756.10",4,"5,819.30","546,907.30","19,127.70","28,873.80","9,746.10","566,035.00","542,281.30","408,547.00","133,734.20","135,195.30","538,373.80"
7- 9.,"541,935.10","298,528.20","291,094.50","241,628.10","21,380.10","87,524.20",171.6,"107,219.70","27,227.70",-268,149.5,"95,455.30","95,305.80",2.2,"5,660.30","547,595.40","18,395.10","28,456.40","10,061.30","565,990.50","541,787.00","407,606.10","134,181.20","136,132.70","542,028.40"
10-12.,"542,964.60","299,295.70","291,804.40","242,314.80","21,499.20","88,104.30","-1,476.60","107,187.40","27,242.40",-334.2,"1,452.70","97,959.40","96,506.70",-6.3,"3,885.00","546,849.60","18,564.20","28,616.70","10,052.50","565,413.80","541,544.10","407,443.90","134,100.60","136,847.30","544,744.70"
2017/ 1- 3.,"547,352.50","301,242.10","293,780.70","244,262.30","21,291.30","88,375.60",-504.3,"107,496.10","27,458.10",-294.2,"2,405.30","100,082.30","97,677.00",-117.5,"1,424.40","548,776.90","20,967.50","31,406.90","10,439.40","569,744.40","545,081.30","410,418.70","134,663.30","137,126.00","548,130.70"
4- 6.,"549,477.70","302,644.20","295,164.40","245,621.30","21,499.90","89,156.10",74.5,"107,052.50","27,725.40",88.4,"1,303.10","100,014.60","98,711.50",-66.4,"1,638.70","551,116.40","19,716.50","30,348.30","10,631.80","570,832.90","548,219.20","413,388.40","134,832.40","138,382.10","549,329.00"
7- 9.,"553,506.50","301,340.60","293,794.90","244,230.80","21,321.30","90,014.10","2,405.00","107,420.40","27,277.90",86.9,"4,073.90","102,168.60","98,094.70",-433.5,"2,877.20","556,383.60","21,139.50","31,514.20","10,374.70","577,523.10","549,778.30","415,022.00","134,758.50","138,611.60","551,105.60"
10-12.,"554,538.80","302,397.00","294,931.50","245,344.50","20,702.20","90,441.70","3,091.90","107,340.70","27,317.20",92.5,"3,424.80","104,154.50","100,729.70",-269.2,304.3,"554,843.10","20,441.50","31,442.10","11,000.60","575,284.60","551,287.20","416,562.10","134,727.90","138,455.10","551,453.70"
2018/ 1- 3.,"555,199.00","302,668.50","295,439.00","245,828.50","20,205.60","91,276.40","1,492.50","108,188.30","27,496.60",62.1,"4,059.40","105,445.30","101,385.90",-250.3,-657.1,"554,541.90","19,938.70","31,854.60","11,915.90","574,480.60","551,316.60","415,590.20","135,728.00","138,962.20","553,705.10"
4- 6.,"557,024.50","302,882.90","295,999.20","246,365.30","19,572.80","92,243.90","1,793.00","108,270.60","28,070.60",-49.6,"4,523.30","106,178.50","101,655.20",-282.9,"-2,063.40","554,961.10","21,578.70","33,370.30","11,791.70","576,539.70","552,703.20","416,432.50","136,271.90","139,860.90","555,339.00"
7- 9.,"552,593.40","302,304.50","295,705.90","246,051.70","19,619.10","89,732.80","2,154.80","108,291.90","27,712.10",-20.3,"3,023.10","104,294.50","101,271.40",-224.4,"-3,483.90","549,109.50","21,388.30","33,347.40","11,959.10","570,497.80","549,723.70","413,759.90","135,964.40","137,044.80","550,511.60"
10-12.,"552,691.80","302,196.10","295,604.50","245,927.90","19,940.60","91,498.60","3,079.30","108,886.00","27,206.30",-43.1,14.3,"105,805.80","105,791.60",-86.3,"-4,834.70","547,857.10","21,975.40","34,251.60","12,276.20","569,832.60","552,675.30","416,653.40","136,023.30","138,618.10","549,718.70"
2019/ 1- 3.,"554,879.10","302,651.60","295,790.00","246,088.40","20,458.30","91,785.30","1,600.50","109,305.40","27,752.90",-162.7,"1,602.20","103,822.30","102,220.10",-114.4,"-1,608.80","553,270.30","21,539.40","33,486.20","11,946.80","574,809.70","553,298.50","416,449.80","136,849.90","139,979.90","553,529.60"
4- 6.,"557,287.70","302,731.80","295,692.40","245,969.60","20,738.40","91,924.80","3,330.10","110,334.30","27,859.70",-33.5,517.2,"103,884.50","103,367.30",-115,"-2,656.40","554,631.30","21,866.10","34,182.90","12,316.80","576,497.50","556,809.40","418,678.20","138,132.30","140,511.00","554,054.10"
7- 9.,"556,643.70","304,006.60","296,898.00","247,150.20","20,892.40","94,054.10",265.7,"111,108.10","28,253.40",-61.1,"-1,768.00","104,095.80","105,863.80",-107.4,"-1,941.70","554,702.00","22,029.40","34,893.70","12,864.30","576,731.40","558,449.70","419,183.30","139,267.70","143,181.50","556,508.30"
10-12.,"543,336.20","294,352.10","286,945.80","237,233.10","20,510.90","87,457.50",947.2,"111,195.30","28,257.10",33.2,758.1,"103,838.60","103,080.50",-175.2,"-1,910.40","541,425.80","20,892.60","33,278.10","12,385.60","562,318.40","542,717.30","403,250.20","139,468.60","136,250.20","542,403.20"
2020/ 1- 3.,"545,000.20","296,103.30","288,171.60","238,434.30","19,508.40","89,812.40",684.4,"111,332.60","27,979.30",23.8,-402.9,"99,086.30","99,489.20",-41.2,-968.4,"544,031.80","21,204.40","32,603.50","11,399.10","565,236.20","545,373.50","406,065.10","139,310.10","137,280.70","544,332.20"
4- 6.,"501,140.40","270,268.30","261,688.80","212,118.50","19,494.60","83,560.30","2,691.00","111,734.30","29,173.30",-36.1,"-16,830.00","81,108.70","97,938.70","1,084.60","4,539.10","505,679.50","17,783.00","28,073.00","10,290.00","523,462.40","516,831.30","375,972.50","140,863.00","132,293.10","498,570.30"
7- 9.,"526,742.10","283,909.90","274,768.60","225,093.90","18,558.70","83,247.20",241.2,"114,053.80","29,652.10",-2.9,"-3,225.80","88,125.20","91,351.00",307.8,"4,419.30","531,161.40","18,249.10","28,662.20","10,413.10","549,410.50","529,627.30","385,935.00","143,696.70","131,516.50","526,534.10"
10-12.,"538,909.20","290,316.00","280,917.50","231,181.10","18,565.90","84,239.50",-860.2,"114,999.00","29,838.50",-69.1,"1,993.10","97,948.60","95,955.50",-113.4,"4,274.50","543,183.70","19,583.00","28,958.40","9,375.40","562,766.70","537,003.00","392,256.70","144,750.60","132,696.80","539,856.70"
2021/ 1- 3.,"535,012.50","287,141.20","277,795.00","228,063.00","18,733.80","84,587.00",-248.8,"114,279.20","29,385.50",-19.3,"1,107.90","100,155.40","99,047.50",46,"1,082.00","536,094.50","20,104.70","30,266.40","10,161.70","556,199.20","533,793.00","390,180.20","143,615.70","132,749.40","535,336.70"
4- 6.,"537,631.00","288,839.00","279,559.50","229,792.50","18,921.90","86,311.20",-131,"115,090.40","28,624.50",-33.2,-229.1,"102,669.00","102,898.10",237.4,"-1,353.90","536,277.10","20,521.90","30,995.70","10,473.80","556,799.00","537,516.10","393,894.60","143,619.50","133,864.80","537,857.40"
7- 9.,"532,777.90","285,101.60","275,771.60","226,020.00","18,622.60","84,335.30",421.4,"116,258.60","28,049.30",-87,-79.5,"101,760.10","101,839.60",155.6,"-4,779.90","527,998.00","20,306.90","30,278.90","9,972.00","548,304.90","532,534.80","388,410.30","144,131.70","131,020.20","532,533.00"
